{"cameraMode":{"drawMode":0,"name":"Shaded","section":"Shading Mode"},"sceneLighting":true,"audioPlay":false,"sceneViewState":{"m_AlwaysRefresh":false,"showFog":true,"showSkybox":true,"showFlares":true,"showImageEffects":true,"showParticleSystems":true,"showVisualEffectGraphs":true,"m_FxEnabled":true},"in2DMode":false,"pivot":{"x":5.900000095367432,"y":1.9700000286102296,"z":-23.700000762939454},"rotation":{"x":0.07678838819265366,"y":0.3246798813343048,"z":-0.026463894173502923,"w":0.9423374533653259},"size":1.2247449159622193,"orthographic":false}