{"cameraMode":{"drawMode":0,"name":"Shaded","section":"Shading Mode"},"sceneLighting":false,"audioPlay":false,"sceneViewState":{"m_AlwaysRefresh":false,"showFog":true,"showSkybox":false,"showFlares":true,"showImageEffects":true,"showParticleSystems":true,"showVisualEffectGraphs":true,"m_FxEnabled":true},"in2DMode":false,"pivot":{"x":3.4600000381469728,"y":0.49000000953674319,"z":0.5032230615615845},"rotation":{"x":0.1447104960680008,"y":-0.08861908316612244,"z":0.013012733310461045,"w":0.985417366027832},"size":0.8660253882408142,"orthographic":false}